Sample,Sites,Treatments
FP11,S1,CP-I
FP12,S1,CP-I
FP13,S1,CP-I
FP14,S1,CP-I
FP21,S2,CP-I
FP22,S2,CP-I
FP23,S2,CP-I
FP24,S2,CP-I
FP31,S3,CP-I
FP32,S3,CP-I
FP33,S3,CP-I
FP34,S3,CP-I
FP41,S4,CP-I
FP42,S4,CP-I
FP43,S4,CP-I
FP44,S4,CP-I
FP51,S5,CP-I
FP52,S5,CP-I
FP53,S5,CP-I
FP54,S5,CP-I
FP61,S6,CP-I
FP62,S6,CP-I
FP63,S6,CP-I
FP64,S6,CP-I
M11,S1,MM-I
M12,S1,MM-I
M13,S1,MM-I
M14,S1,MM-I
M21,S2,MM-I
M22,S2,MM-I
M23,S2,MM-I
M24,S2,MM-I
M31,S3,MM-I
M32,S3,MM-I
M33,S3,MM-I
M34,S3,MM-I
M41,S4,MM-I
M42,S4,MM-I
M43,S4,MM-I
M44,S4,MM-I
M51,S5,MM-I
M52,S5,MM-I
M53,S5,MM-I
M54,S5,MM-I
M61,S6,MM-I
M62,S6,MM-I
M63,S6,MM-I
M64,S6,MM-I
MF11,S1,MC-I
MF12,S1,MC-I
MF13,S1,MC-I
MF14,S1,MC-I
MF21,S2,MC-I
MF22,S2,MC-I
MF23,S2,MC-I
MF24,S2,MC-I
MF31,S3,MC-I
MF32,S3,MC-I
MF33,S3,MC-I
MF34,S3,MC-I
MF41,S4,MC-I
MF42,S4,MC-I
MF43,S4,MC-I
MF44,S4,MC-I
MF51,S5,MC-I
MF52,S5,MC-I
MF53,S5,MC-I
MF54,S5,MC-I
MF61,S6,MC-I
MF62,S6,MC-I
MF63,S6,MC-I
MF64,S6,MC-I
MN11,S1,MN-I
MN12,S1,MN-I
MN13,S1,MN-I
MN14,S1,MN-I
MN21,S2,MN-I
MN22,S2,MN-I
MN23,S2,MN-I
MN24,S2,MN-I
MN31,S3,MN-I
MN32,S3,MN-I
MN33,S3,MN-I
MN34,S3,MN-I
MN41,S4,MN-I
MN42,S4,MN-I
MN43,S4,MN-I
MN44,S4,MN-I
MN51,S5,MN-I
MN52,S5,MN-I
MN53,S5,MN-I
MN54,S5,MN-I
MN61,S6,MN-I
MN62,S6,MN-I
MN63,S6,MN-I
MN64,S6,MN-I
NP11,S1,NP-I
NP12,S1,NP-I
NP13,S1,NP-I
NP14,S1,NP-I
NP21,S2,NP-I
NP22,S2,NP-I
NP23,S2,NP-I
NP24,S2,NP-I
NP31,S3,NP-I
NP32,S3,NP-I
NP33,S3,NP-I
NP34,S3,NP-I
NP41,S4,NP-I
NP42,S4,NP-I
NP43,S4,NP-I
NP44,S4,NP-I
NP51,S5,NP-I
NP52,S5,NP-I
NP53,S5,NP-I
NP54,S5,NP-I
NP61,S6,NP-I
NP62,S6,NP-I
NP63,S6,NP-I
NP64,S6,NP-I
