﻿Sample,Site,Treatment
FP11,S1,CP
FP12,S1,CP
FP13,S1,CP
FP14,S1,CP
NP11,S1,NP
NP12,S1,NP
NP13,S1,NP
NP14,S1,NP
M11,S1,S
M12,S1,S
M13,S1,S
M14,S1,S
MF11,S1,C
MF12,S1,C
MF13,S1,C
MF14,S1,C
MN11,S1,N
MN12,S1,N
MN13,S1,N
MN14,S1,N
FP21,S2,CP
FP22,S2,CP
FP23,S2,CP
FP24,S2,CP
NP21,S2,NP
NP22,S2,NP
NP23,S2,NP
NP24,S2,NP
M21,S2,S
M22,S2,S
M23,S2,S
M24,S2,S
MF21,S2,C
MF22,S2,C
MF23,S2,C
MF24,S2,C
MN21,S2,N
MN22,S2,N
MN23,S2,N
MN24,S2,N
FP31,S3,CP
FP32,S3,CP
FP33,S3,CP
FP34,S3,CP
NP31,S3,NP
NP32,S3,NP
NP33,S3,NP
NP34,S3,NP
M31,S3,S
M32,S3,S
M33,S3,S
M34,S3,S
MF31,S3,C
MF32,S3,C
MF33,S3,C
MF34,S3,C
MN31,S3,N
MN32,S3,N
MN33,S3,N
MN34,S3,N
FP41,S4,CP
FP42,S4,CP
FP43,S4,CP
FP44,S4,CP
NP41,S4,NP
NP42,S4,NP
NP43,S4,NP
NP44,S4,NP
M41,S4,S
M42,S4,S
M43,S4,S
M44,S4,S
MF41,S4,C
MF42,S4,C
MF43,S4,C
MF44,S4,C
MN41,S4,N
MN42,S4,N
MN43,S4,N
MN44,S4,N
FP51,S5,CP
FP52,S5,CP
FP53,S5,CP
FP54,S5,CP
NP51,S5,NP
NP52,S5,NP
NP53,S5,NP
NP54,S5,NP
M51,S5,S
M52,S5,S
M53,S5,S
M54,S5,S
MF51,S5,C
MF52,S5,C
MF53,S5,C
MF54,S5,C
MN51,S5,N
MN52,S5,N
MN53,S5,N
MN54,S5,N
FP61,S6,CP
FP62,S6,CP
FP63,S6,CP
FP64,S6,CP
NP61,S6,NP
NP62,S6,NP
NP63,S6,NP
NP64,S6,NP
M61,S6,S
M62,S6,S
M63,S6,S
M64,S6,S
MF61,S6,C
MF62,S6,C
MF63,S6,C
MF64,S6,C
MN61,S6,N
MN62,S6,N
MN63,S6,N
MN64,S6,N
