Samples,Sites,Treatments
S1-1,S1,S
S1-2,S1,S
S1-3,S1,S
S1-4,S1,S
S2-1,S2,S
S2-2,S2,S
S2-3,S2,S
S2-4,S2,S
S3-1,S3,S
S3-2,S3,S
S3-3,S3,S
S3-4,S3,S
S4-1,S4,S
S4-2,S4,S
S4-3,S4,S
S4-4,S4,S
S5-1,S5,S
S5-2,S5,S
S5-3,S5,S
S5-4,S5,S
S6-1,S6,S
S6-2,S6,S
S6-3,S6,S
S6-4,S6,S
CP1-1,S1,CP
CP1-2,S1,CP
CP1-3,S1,CP
CP1-4,S1,CP
CP2-1,S2,CP
CP2-2,S2,CP
CP2-3,S2,CP
CP2-4,S2,CP
CP3-1,S3,CP
CP3-2,S3,CP
CP3-3,S3,CP
CP3-4,S3,CP
CP4-1,S4,CP
CP4-2,S4,CP
CP4-3,S4,CP
CP4-4,S4,CP
CP5-1,S5,CP
CP5-2,S5,CP
CP5-3,S5,CP
CP5-4,S5,CP
CP6-1,S6,CP
CP6-2,S6,CP
CP6-3,S6,CP
CP6-4,S6,CP
NP1-1,S1,NP
NP1-2,S1,NP
NP1-3,S1,NP
NP1-4,S1,NP
NP2-1,S2,NP
NP2-2,S2,NP
NP2-3,S2,NP
NP2-4,S2,NP
NP3-1,S3,NP
NP3-2,S3,NP
NP3-3,S3,NP
NP3-4,S3,NP
NP4-1,S4,NP
NP4-2,S4,NP
NP4-3,S4,NP
NP4-4,S4,NP
NP5-1,S5,NP
NP5-2,S5,NP
NP5-3,S5,NP
NP5-4,S5,NP
NP6-1,S6,NP
NP6-2,S6,NP
NP6-3,S6,NP
NP6-4,S6,NP
C1-1,S1,C
C1-2,S1,C
C1-3,S1,C
C1-4,S1,C
C2-1,S2,C
C2-2,S2,C
C2-3,S2,C
C2-4,S2,C
C3-1,S3,C
C3-2,S3,C
C3-3,S3,C
C3-4,S3,C
C4-1,S4,C
C4-2,S4,C
C4-3,S4,C
C4-4,S4,C
C5-1,S5,C
C5-2,S5,C
C5-3,S5,C
C5-4,S5,C
C6-1,S6,C
C6-2,S6,C
C6-3,S6,C
C6-4,S6,C
N1-1,S1,N
N1-2,S1,N
N1-3,S1,N
N1-4,S1,N
N2-1,S2,N
N2-2,S2,N
N2-3,S2,N
N2-4,S2,N
N3-1,S3,N
N3-2,S3,N
N3-3,S3,N
N3-4,S3,N
N4-1,S4,N
N4-2,S4,N
N4-3,S4,N
N4-4,S4,N
N5-1,S5,N
N5-2,S5,N
N5-3,S5,N
N5-4,S5,N
N6-1,S6,N
N6-2,S6,N
N6-3,S6,N
N6-4,S6,N
